{
    "subject": "History",
    "quizzes": [
        { "question": "Who is the founder of Pakistan?", "options": ["Muhammad Ali Jinnah", "Allama Iqbal", "Liaquat Ali Khan", "Sir Syed Ahmad Khan"], "answer": "Muhammad Ali Jinnah" },
        { "question": "When did Pakistan become an independent country?", "options": ["14 August 1947", "15 August 1947", "16 August 1947", "17 August 1947"], "answer": "14 August 1947" },
        { "question": "What is the national language of Pakistan?", "options": ["English", "Urdu", "Punjabi", "Pashto"], "answer": "Urdu" },
        { "question": "Which mountain range is located in the north of Pakistan?", "options": ["Himalayas", "Andes", "Alps", "Rockies"], "answer": "Himalayas" },
        { "question": "What is the national flower of Pakistan?", "options": ["Jasmine", "Rose", "Lily", "Sunflower"], "answer": "Jasmine" },
        { "question": "Who wrote the national anthem of Pakistan?", "options": ["Allama Iqbal", "Faiz Ahmed Faiz", "Hafeez Jullundhri", "Josh Malihabadi"], "answer": "Hafeez Jullundhri" },
        { "question": "What is the national animal of Pakistan?", "options": ["Lion", "Tiger", "Markhor", "Leopard"], "answer": "Markhor" },
        { "question": "What is the capital city of Pakistan?", "options": ["Karachi", "Islamabad", "Lahore", "Peshawar"], "answer": "Islamabad" },
        { "question": "What is the largest province by area in Pakistan?", "options": ["Sindh", "Punjab", "Khyber Pakhtunkhwa", "Balochistan"], "answer": "Balochistan" },
        { "question": "Who is known as the Poet of the East?", "options": ["Allama Iqbal", "Faiz Ahmed Faiz", "Mirza Ghalib", "Josh Malihabadi"], "answer": "Allama Iqbal" },
        { "question": "What is the name of Pakistan's national flag?", "options": ["Star and Crescent", "Crescent and Green", "Moon and Star", "Green and White"], "answer": "Crescent and Star" },
        { "question": "What is the largest city in Pakistan by population?", "options": ["Karachi", "Lahore", "Islamabad", "Faisalabad"], "answer": "Karachi" },
        { "question": "Who was Pakistan's first Prime Minister?", "options": ["Liaquat Ali Khan", "Muhammad Ali Jinnah", "Zulfikar Ali Bhutto", "Benazir Bhutto"], "answer": "Liaquat Ali Khan" },
        { "question": "Which river is known as the lifeline of Pakistan?", "options": ["Indus", "Jhelum", "Chenab", "Ravi"], "answer": "Indus" },
        { "question": "What is the national tree of Pakistan?", "options": ["Banyan", "Neem", "Peepal", "Deodar"], "answer": "Deodar" },
        { "question": "Who was the first Governor-General of Pakistan?", "options": ["Muhammad Ali Jinnah", "Liaquat Ali Khan", "Sir Khawaja Nazimuddin", "Iskander Mirza"], "answer": "Muhammad Ali Jinnah" },
        { "question": "What is the total number of provinces in Pakistan?", "options": ["3", "4", "5", "6"], "answer": "4" },
        { "question": "What is the currency of Pakistan?", "options": ["Rupee", "Taka", "Rial", "Dinar"], "answer": "Rupee" },
        { "question": "Who designed the Faisal Mosque in Islamabad?", "options": ["Babar Ahmed", "Vedat Dalokay", "Yahya Merchant", "Eero Saarinen"], "answer": "Vedat Dalokay" },
        { "question": "What is the highest mountain in Pakistan?", "options": ["Nanga Parbat", "K2", "Mount Everest", "Kangchenjunga"], "answer": "K2" },
        { "question": "Which Pakistani scientist won the Nobel Prize in Physics?", "options": ["Dr. Abdus Salam", "Dr. Abdul Qadeer Khan", "Dr. Pervez Hoodbhoy", "Dr. Samar Mubarakmand"], "answer": "Dr. Abdus Salam" },
        { "question": "Which Pakistani cricketer has scored the most centuries in Test cricket?", "options": ["Wasim Akram", "Inzamam-ul-Haq", "Younis Khan", "Javed Miandad"], "answer": "Younis Khan" },
        { "question": "What is the name of Pakistan's highest civilian award?", "options": ["Nishan-e-Haider", "Sitara-e-Imtiaz", "Hilal-e-Quaid", "Hilal-e-Pakistan"], "answer": "Nishan-e-Pakistan" },
        { "question": "What is the name of the largest desert in Pakistan?", "options": ["Kharan Desert", "Thar Desert", "Cholistan Desert", "Nushki Desert"], "answer": "Cholistan Desert" },
        { "question": "Which city is known as the City of Gardens in Pakistan?", "options": ["Lahore", "Karachi", "Islamabad", "Peshawar"], "answer": "Lahore" },
        { "question": "Who is known as the Father of the Nation in Pakistan?", "options": ["Allama Iqbal", "Quaid-e-Azam", "Liaquat Ali Khan", "Sir Syed Ahmed Khan"], "answer": "Quaid-e-Azam"},
        { "question": "What is the national sport of Pakistan?", "options": ["Cricket", "Hockey", "Squash", "Polo"], "answer": "Hockey" },
        { "question": "Who designed the Shah Faisal Mosque in Islamabad?", "options": ["Babar Ahmed", "Vedat Dalokay", "Yahya Merchant", "Eero Saarinen"], "answer": "Vedat Dalokay" },
        { "question": "What is the name of Pakistan's national airline?", "options": ["PIA (Pakistan International Airlines)", "Air Pakistan", "Pakistan Airways", "Pak Airways"], "answer": "PIA (Pakistan International Airlines)" },
        { "question": "Which Pakistani singer was known as the 'King of Ghazal'?", "options": ["Mehdi Hassan", "Nusrat Fateh Ali Khan", "Ghulam Ali", "Atif Aslam"], "answer": "Mehdi Hassan" },
        { "question": "What is the name of the highest civilian award in Pakistan?", "options": ["Nishan-e-Haider", "Hilal-e-Quaid", "Sitara-e-Imtiaz", "Hilal-e-Pakistan"], "answer": "Nishan-e-Pakistan" },
        { "question": "Which Pakistani city is known as the City of Lights?", "options": ["Karachi", "Lahore", "Islamabad", "Faisalabad"], "answer": "Karachi" },
        { "question": "Who is known as the 'Lady of Pakistan'?", "options": ["Fatima Jinnah", "Benazir Bhutto", "Malala Yousafzai", "Asma Jahangir"], "answer": "Fatima Jinnah" },
        { "question": "What is the traditional dress of men in Pakistan?", "options": ["Shalwar Kameez", "Kurta Pajama", "Sherwani", "Dhoti Kurta"], "answer": "Shalwar Kameez" },
        { "question": "Which Pakistani city is famous for its Basant festival?", "options": ["Lahore", "Islamabad", "Karachi", "Peshawar"], "answer": "Lahore" },
        { "question": "What is the name of the largest university in Pakistan by enrollment?", "options": ["University of the Punjab", "Quaid-e-Azam University", "University of Karachi", "Allama Iqbal Open University"], "answer": "Allama Iqbal Open University" },
        { "question": "Who was Pakistan's first female Prime Minister?", "options": ["Benazir Bhutto", "Fatima Jinnah", "Hina Rabbani Khar", "Asma Jahangir"], "answer": "Benazir Bhutto" },
        { "question": "Which river is also known as the River of Sorrow?", "options": ["Indus", "Jhelum", "Chenab", "Ravi"], "answer": "Indus" },
        { "question": "What is the largest port city in Pakistan?", "options": ["Karachi", "Lahore", "Islamabad", "Gwadar"], "answer": "Karachi" },
        { "question": "Who wrote the famous book 'Pakistan: A Hard Country'?", "options": ["Ayesha Jalal", "Christophe Jaffrelot", "Anatol Lieven", "Shuja Nawaz"], "answer": "Anatol Lieven" },
        { "question": "What is the literacy rate of Pakistan according to the latest census?", "options": ["About 50%", "About 60%", "About 70%", "About 80%"], "answer": "About 60%" },
        { "question": "Which mountain peak is also known as the 'Killer Mountain'?", "options": ["Nanga Parbat", "K2", "Mount Everest", "Kangchenjunga"], "answer": "Nanga Parbat" },
        { "question": "Which Pakistani scientist was awarded the Nobel Prize in Chemistry?", "options": ["Dr. Atta-ur-Rahman", "Dr. Abdul Qadeer Khan", "Dr. Pervez Hoodbhoy", "Dr. Salimuzzaman Siddiqui"], "answer": "Dr. Salimuzzaman Siddiqui" },
        { "question": "What is the name of Pakistan's national monument?", "options": ["Pakistan Monument", "Minar-e-Pakistan", "Faisal Mosque", "Shah Jahan Mosque"], "answer": "Pakistan Monument" },
        { "question": "Which Pakistani actress was awarded the Pride of Performance in 1989?", "options": ["Bushra Ansari", "Saba Qamar", "Mahira Khan", "Mehwish Hayat"], "answer": "Bushra Ansari" },
        { "question": "What is the name of the longest river in Pakistan?", "options": ["Indus", "Jhelum", "Chenab", "Ravi"], "answer": "Indus" },
        { "question": "Which city is known as the City of Flowers in Pakistan?", "options": ["Peshawar", "Islamabad", "Lahore", "Quetta"], "answer": "Peshawar" },
        { "question": "Who is the current Prime Minister of Pakistan?", "options": ["Imran Khan", "Nawaz Sharif", "Benazir Bhutto", "Asif Ali Zardari"], "answer": "Imran Khan" },
        { "question": "What is the name of the largest salt mine in Pakistan?", "options": ["Warcha Salt Mines", "Khewra Salt Mines", "Kalabagh Salt Mines", "Ghori Salt Mines"], "answer": "Khewra Salt Mines" },
        { "question": "Which Pakistani singer was known as the 'Nightingale of East'?", "options": ["Noor Jehan", "Abida Parveen", "Farida Khanum", "Tina Sani"], "answer": "Noor Jehan" },
        { "question": "What is the name of the highest civilian award for bravery in Pakistan?", "options": ["Nishan-e-Haider", "Sitara-e-Imtiaz", "Hilal-e-Quaid", "Tamgha-e-Shujaat"], "answer": "Nishan-e-Haider" },
        { "question": "Which Pakistani cricketer was known as the 'Rawalpindi Express'?", "options": ["Wasim Akram", "Shoaib Malik", "Shahid Afridi", "Shoaib Akhtar"], "answer": "Shoaib Akhtar" },
        { "question": "What is the name of the traditional headgear worn by men in Pakistan?", "options": ["Topi", "Pagri", "Peshawari Turban", "Karachi Cap"], "answer": "Topi" },
        { "question": "What is the name of the traditional headgear worn by men in Pakistan?", "options": ["Topi", "Pagri", "Peshawari Turban", "Karachi Cap"], "answer": "Topi" },
        { "question": "Which Pakistani city is famous for its Basant festival?", "options": ["Lahore", "Islamabad", "Karachi", "Peshawar"], "answer": "Lahore" },
        { "question": "What is the name of the largest university in Pakistan by enrollment?", "options": ["University of the Punjab", "Quaid-e-Azam University", "University of Karachi", "Allama Iqbal Open University"], "answer": "Allama Iqbal Open University" },
        { "question": "Who was Pakistan's first female Prime Minister?", "options": ["Benazir Bhutto", "Fatima Jinnah", "Hina Rabbani Khar", "Asma Jahangir"], "answer": "Benazir Bhutto" },
        { "question": "Which river is also known as the River of Sorrow?", "options": ["Indus", "Jhelum", "Chenab", "Ravi"], "answer": "Indus" },
        { "question": "What is the largest port city in Pakistan?", "options": ["Karachi", "Lahore", "Islamabad", "Gwadar"], "answer": "Karachi" },
        { "question": "Who wrote the famous book 'Pakistan: A Hard Country'?", "options": ["Ayesha Jalal", "Christophe Jaffrelot", "Anatol Lieven", "Shuja Nawaz"], "answer": "Anatol Lieven" },
        { "question": "What is the literacy rate of Pakistan according to the latest census?", "options": ["About 50%", "About 60%", "About 70%", "About 80%"], "answer": "About 60%" },
        { "question": "Which mountain peak is also known as the 'Killer Mountain'?", "options": ["Nanga Parbat", "K2", "Mount Everest", "Kangchenjunga"], "answer": "Nanga Parbat" },
        { "question": "Which Pakistani scientist was awarded the Nobel Prize in Chemistry?", "options": ["Dr. Atta-ur-Rahman", "Dr. Abdul Qadeer Khan", "Dr. Pervez Hoodbhoy", "Dr. Salimuzzaman Siddiqui"], "answer": "Dr. Salimuzzaman Siddiqui" },
        { "question": "What is the name of Pakistan's national monument?", "options": ["Pakistan Monument", "Minar-e-Pakistan", "Faisal Mosque", "Shah Jahan Mosque"], "answer": "Pakistan Monument" },
        { "question": "Which Pakistani actress was awarded the Pride of Performance in 1989?", "options": ["Bushra Ansari", "Saba Qamar", "Mahira Khan", "Mehwish Hayat"], "answer": "Bushra Ansari" },
        { "question": "What is the name of the longest river in Pakistan?", "options": ["Indus", "Jhelum", "Chenab", "Ravi"], "answer": "Indus" },
        { "question": "Which city is known as the City of Flowers in Pakistan?", "options": ["Peshawar", "Islamabad", "Lahore", "Quetta"], "answer": "Peshawar" },
        { "question": "Who is the current Prime Minister of Pakistan?", "options": ["Imran Khan", "Nawaz Sharif", "Benazir Bhutto", "Asif Ali Zardari"], "answer": "Imran Khan" },
        { "question": "What is the name of the largest salt mine in Pakistan?", "options": ["Warcha Salt Mines", "Khewra Salt Mines", "Kalabagh Salt Mines", "Ghori Salt Mines"], "answer": "Khewra Salt Mines" },
        { "question": "Which Pakistani singer was known as the 'Nightingale of East'?", "options": ["Noor Jehan", "Abida Parveen", "Farida Khanum", "Tina Sani"], "answer": "Noor Jehan" },
        { "question": "What is the name of the highest civilian award for bravery in Pakistan?", "options": ["Nishan-e-Haider", "Sitara-e-Imtiaz", "Hilal-e-Quaid", "Tamgha-e-Shujaat"], "answer": "Nishan-e-Haider" },
        { "question": "Which Pakistani cricketer was known as the 'Rawalpindi Express'?", "options": ["Wasim Akram", "Shoaib Malik", "Shahid Afridi", "Shoaib Akhtar"], "answer": "Shoaib Akhtar" },
        { "question": "What is the name of the traditional headgear worn by men in Pakistan?", "options": ["Topi", "Pagri", "Peshawari Turban", "Karachi Cap"], "answer": "Topi" }
    ]
}