{
    "subject": "Mathematics",
    "quizzes": [
      { "question": "What is 2 + 2?", "options": ["3", "4", "5", "6"], "answer": "4" },
      { "question": "What is the square root of 16?", "options": ["2", "3", "4", "5"], "answer": "4" },
      { "question": "What is 10 divided by 2?", "options": ["2", "3", "4", "5"], "answer": "5" },
      { "question": "What is 5 * 6?", "options": ["11", "20", "30", "40"], "answer": "30" },
      { "question": "What is 12 - 8?", "options": ["2", "3", "4", "5"], "answer": "4" },
      { "question": "What is the value of π (pi) to two decimal places?", "options": ["3.14", "2.71", "1.62", "1.41"], "answer": "3.14" },
      { "question": "Solve: 5 * 6 - 3", "options": ["27", "30", "33", "35"], "answer": "27" },
      { "question": "What is the derivative of x^2?", "options": ["x", "2x", "x^2", "2"], "answer": "2x" },
      { "question": "What is 7 + 5?", "options": ["10", "11", "12", "13"], "answer": "12" },
      { "question": "What is the integral of 2x?", "options": ["x", "x^2", "2x", "x^2 + C"], "answer": "x^2 + C" },
      { "question": "What is the area of a circle with radius 1?", "options": ["π", "2π", "π^2", "2π^2"], "answer": "π" },
      { "question": "What is the volume of a cube with side length 3?", "options": ["3", "9", "27", "81"], "answer": "27" },
      { "question": "What is 9 + 10?", "options": ["17", "18", "19", "20"], "answer": "19" },
      { "question": "What is 3/4 of 16?", "options": ["10", "11", "12", "13"], "answer": "12" },
      { "question": "What is the product of 7 and 8?", "options": ["48", "54", "56", "64"], "answer": "56" },
      { "question": "What is 100 divided by 4?", "options": ["20", "25", "30", "35"], "answer": "25" },
      { "question": "What is the sum of the interior angles of a triangle?", "options": ["90°", "180°", "270°", "360°"], "answer": "180°" },
      { "question": "What is the hypotenuse of a right triangle with legs of 3 and 4?", "options": ["5", "6", "7", "8"], "answer": "5" },
      { "question": "What is the value of 2^3?", "options": ["4", "6", "8", "10"], "answer": "8" },
      { "question": "What is the factorial of 5?", "options": ["60", "100", "120", "150"], "answer": "120" },
      { "question": "What is the value of log(100)?", "options": ["1", "2", "3", "4"], "answer": "2" },
      { "question": "What is the median of the numbers 1, 3, 3, 6, 7, 8, 9?", "options": ["3", "5", "6", "7"], "answer": "6" },
      { "question": "What is the mode of the numbers 1, 2, 2, 3, 4, 4, 4, 5?", "options": ["1", "2", "3", "4"], "answer": "4" },
      { "question": "What is the range of the numbers 4, 6, 8, 15, 20?", "options": ["10", "11", "12", "16"], "answer": "16" },
      { "question": "What is the solution to the equation x + 5 = 12?", "options": ["5", "6", "7", "8"], "answer": "7" },
      { "question": "What is the probability of flipping a coin and getting heads?", "options": ["1/4", "1/3", "1/2", "2/3"], "answer": "1/2" },
      { "question": "What is the sum of 6 + 9?", "options": ["13", "14", "15", "16"], "answer": "15" },
      { "question": "What is 15% of 200?", "options": ["20", "25", "30", "35"], "answer": "30" },
      { "question": "What is the solution to the equation 3x = 15?", "options": ["3", "4", "5", "6"], "answer": "5" },
      { "question": "What is the area of a rectangle with length 4 and width 5?", "options": ["9", "15", "20", "25"], "answer": "20" },
      { "question": "What is the value of 7^2?", "options": ["42", "48", "49", "56"], "answer": "49" },
      { "question": "What is the slope of a line that goes through the points (1, 2) and (3, 6)?", "options": ["1", "2", "3", "4"], "answer": "2" },
      { "question": "What is the next number in the sequence 2, 4, 6, 8, ...?", "options": ["9", "10", "11", "12"], "answer": "10" },
      { "question": "What is the value of x in the equation 2x + 3 = 7?", "options": ["1", "2", "3", "4"], "answer": "2" },
      { "question": "What is the value of sin(90°)?", "options": ["0", "0.5", "1", "-1"], "answer": "1" },
      { "question": "What is the value of cos(0°)?", "options": ["0", "0.5", "1", "-1"], "answer": "1" },
      { "question": "What is the value of tan(45°)?", "options": ["0", "0.5", "1", "2"], "answer": "1" },
      { "question": "What is the area of a triangle with base 6 and height 4?", "options": ["10", "12", "14", "16"], "answer": "12" },
      { "question": "What is the value of e (Euler's number) to two decimal places?", "options": ["2.71", "3.14", "1.62", "1.41"], "answer": "2.71" },
      { "question": "What is the perimeter of a square with side length 5?", "options": ["15", "20", "25", "30"], "answer": "20" },
      { "question": "What is the circumference of a circle with radius 2?", "options": ["2π", "4π", "6π", "8π"], "answer": "4π" },
      { "question": "What is the solution to the inequality x > 3?", "options": ["2", "3", "4", "5"], "answer": "4" },
      { "question": "What is the solution to the equation x^2 = 49?", "options": ["5", "6", "7", "8"], "answer": "7" },
      { "question": "What is the value of the expression 3(2 + 4)?", "options": ["12", "15", "18", "21"], "answer": "18" },
      { "question": "What is the value of the expression 5 - 2(3 + 1)?", "options": ["-3", "1", "3", "7"], "answer": "-3" },
      { "question": "What is the greatest common divisor (GCD) of 24 and 36?", "options": ["4", "6", "8", "12"], "answer": "12" },
      { "question": "What is the least common multiple (LCM) of 4 and 5?", "options": ["10", "15", "20", "25"], "answer": "20" },
      { "question": "What is the value of the expression 2^3 * 3^2?", "options": ["24", "36", "48", "72"], "answer": "72" },
      { "question": "What is the solution to the equation x/2 = 5?", "options": ["2", "5", "10", "15"], "answer": "10" },
      { "question": "What is the value of the expression 4! (4 factorial)?", "options": ["12", "24", "36", "48"], "answer": "24" },
      { "question": "What is the value of the expression 3^3?", "options": ["6", "9", "27", "81"], "answer": "27" },
      { "question": "What is the decimal equivalent of 1/4?", "options": ["0.2", "0.25", "0.3", "0.4"], "answer": "0.25" },
      { "question": "What is the decimal equivalent of 1/5?", "options": ["0.1", "0.15", "0.2", "0.25"], "answer": "0.2" },
      { "question": "What is the decimal equivalent of 1/8?", "options": ["0.125", "0.15", "0.2", "0.25"], "answer": "0.125" },
      { "question": "What is the value of 10^3?", "options": ["100", "1000", "10000", "100000"], "answer": "1000" },
      { "question": "What is the value of 2^5?", "options": ["16", "24", "32", "40"], "answer": "32" },
      { "question": "What is the value of 5^2?", "options": ["15", "20", "25", "30"], "answer": "25" },
      { "question": "What is the solution to the equation 4x = 20?", "options": ["2", "4", "5", "6"], "answer": "5" },
      { "question": "What is the solution to the equation 3x + 5 = 14?", "options": ["2", "3", "4", "5"], "answer": "3" },
      { "question": "What is the solution to the equation x - 7 = 10?", "options": ["10", "15", "17", "20"], "answer": "17" },
      { "question": "What is the solution to the equation 2x + 4 = 12?", "options": ["2", "3", "4", "5"], "answer": "4" },
      { "question": "What is the slope of a line with equation y = 2x + 3?", "options": ["1", "2", "3", "4"], "answer": "2" },
      { "question": "What is the y-intercept of the line with equation y = -x + 5?", "options": ["-5", "0", "1", "5"], "answer": "5" },
      { "question": "What is the value of the expression 3^2 + 4^2?", "options": ["9", "12", "16", "25"], "answer": "25" },
      { "question": "What is the value of the expression 4^2 - 3^2?", "options": ["1", "4", "7", "10"], "answer": "7" },
      { "question": "What is the value of the expression 5^2 - 3^2?", "options": ["4", "9", "16", "20"], "answer": "16" },
      { "question": "What is the value of the expression 2^3 - 1?", "options": ["5", "6", "7", "8"], "answer": "7" },
      { "question": "What is the value of the expression 2^4 - 2?", "options": ["12", "13", "14", "15"], "answer": "14" },
      { "question": "What is the value of the expression 3^2 * 2?", "options": ["9", "12", "18", "24"], "answer": "18" },
      { "question": "What is the value of the expression 4^3 - 2^3?", "options": ["48", "56", "60", "64"], "answer": "56" },
      { "question": "What is the value of the expression 5^3 - 2^3?", "options": ["105", "115", "125", "135"], "answer": "117" },
      { "question": "What is the value of the expression 4^3 - 3^3?", "options": ["27", "36", "42", "48"], "answer": "37" },
      { "question": "What is the value of the expression 3^3 - 2^3?", "options": ["18", "19", "20", "21"], "answer": "19" },
      { "question": "What is the value of the expression 5^2 + 3^2?", "options": ["25", "34", "35", "36"], "answer": "34" },
      { "question": "What is the value of the expression 4^2 + 3^2?", "options": ["20", "21", "22", "25"], "answer": "25" },
      { "question": "What is the value of the expression 3^2 + 2^2?", "options": ["10", "12", "13", "15"], "answer": "13" },
      { "question": "What is the value of the expression 2^2 + 1?", "options": ["3", "4", "5", "6"], "answer": "5" },
      { "question": "What is the value of the expression 4^2 + 1?", "options": ["15", "16", "17", "18"], "answer": "17" },
      { "question": "What is the value of the expression 5^2 + 2^2?", "options": ["20", "21", "22", "29"], "answer": "29" },
      { "question": "What is the value of the expression 3^3 + 1?", "options": ["26", "27", "28", "29"], "answer": "28" },
      { "question": "What is the value of the expression 2^3 + 2?", "options": ["9", "10", "11", "12"], "answer": "10" },
      { "question": "What is the value of the expression 4^2 * 2?", "options": ["16", "24", "32", "36"], "answer": "32" },
      { "question": "What is the value of the expression 5^2 - 1?", "options": ["20", "21", "23", "24"], "answer": "24" },
      { "question": "What is the value of the expression 2^3 * 2?", "options": ["10", "12", "14", "16"], "answer": "16" },
      { "question": "What is the value of the expression 3^2 * 3?", "options": ["18", "19", "20", "21"], "answer": "27" },
      { "question": "What is the value of the expression 4^3 - 1?", "options": ["56", "57", "58", "60"], "answer": "63" },
      { "question": "What is the value of the expression 5^3 + 1?", "options": ["120", "121", "122", "126"], "answer": "126" },
      { "question": "What is the value of the expression 3^3 * 2?", "options": ["18", "24", "26", "28"], "answer": "36" },
      { "question": "What is the value of the expression 2^2 * 2?", "options": ["6", "8", "10", "12"], "answer": "8" },
      { "question": "What is the value of the expression 4^2 - 1?", "options": ["13", "14", "15", "16"], "answer": "15" },
      { "question": "What is the value of the expression 5^2 + 3?", "options": ["23", "25", "26", "28"], "answer": "28" },
      { "question": "What is the value of the expression 2^3 - 2?", "options": ["6", "7", "8", "9"], "answer": "6" },
      { "question": "What is the value of the expression 3^2 + 2?", "options": ["8", "9", "10", "11"], "answer": "11" },
      { "question": "What is the value of the expression 4^3 + 1?", "options": ["63", "64", "65", "66"], "answer": "65" },
      { "question": "What is the value of the expression 5^3 - 2?", "options": ["118", "119", "120", "121"], "answer": "118" },
      { "question": "What is the value of the expression 2^3 + 3?", "options": ["8", "9", "10", "11"], "answer": "11" },
      { "question": "What is the value of the expression 3^3 - 1?", "options": ["26", "27", "28", "29"], "answer": "26" },
      { "question": "What is the value of the expression 4^2 + 2?", "options": ["16", "17", "18", "19"], "answer": "18" },
      { "question": "What is the value of the expression 5^2 - 3?", "options": ["21", "22", "23", "24"], "answer": "22" },
      { "question": "What is the value of the expression 2^3 + 1?", "options": ["7", "8", "9", "10"], "answer": "9" },
      { "question": "What is the value of the expression 3^2 * 2?", "options": ["16", "17", "18", "19"], "answer": "18" },
      { "question": "What is the value of the expression 4^3 + 2?", "options": ["64", "65", "66", "67"], "answer": "66" },
      { "question": "What is the value of the expression 5^3 - 3?", "options": ["121", "122", "123", "124"], "answer": "122" },
      { "question": "What is the value of the expression 2^3 * 3?", "options": ["16", "17", "18", "19"], "answer": "18" },
      { "question": "What is the value of the expression 3^3 + 2?", "options": ["25", "26", "27", "28"], "answer": "29" },
      { "question": "What is the value of the expression 4^2 - 2?", "options": ["12", "13", "14", "15"], "answer": "14" },
      { "question": "What is the value of the expression 5^2 + 4?", "options": ["25", "26", "28", "29"], "answer": "29" },
      { "question": "What is the value of the expression 2^3 - 3?", "options": ["5", "6", "7", "8"], "answer": "5" },
      { "question": "What is the value of the expression 3^2 - 2?", "options": ["6", "7", "8", "9"], "answer": "7" },
      { "question": "What is the value of the expression 4^3 * 2?", "options": ["60", "61", "62", "64"], "answer": "64" },
      { "question": "What is the value of the expression 5^3 + 2?", "options": ["124", "125", "126", "127"], "answer": "127" },
      { "question": "What is the value of the expression 2^3 + 4?", "options": ["10", "11", "12", "13"], "answer": "12" },
      { "question": "What is the value of the expression 3^3 - 2?", "options": ["25", "26", "27", "28"], "answer": "25" },
      { "question": "What is the value of the expression 4^2 * 3?", "options": ["46", "47", "48", "49"], "answer": "48" },
      { "question": "What is the value of the expression 5^2 - 4?", "options": ["20", "21", "22", "23"], "answer": "21" }
    ]
  }
  