{
    "subject": "Science",
    "quizzes": [
      { "question": "What planet is known as the Red Planet?", "options": ["Earth", "Mars", "Jupiter", "Saturn"], "answer": "Mars" },
      { "question": "What is the chemical symbol for water?", "options": ["O2", "H2O", "CO2", "NaCl"], "answer": "H2O" },
      { "question": "What gas do plants absorb from the atmosphere?", "options": ["Oxygen", "Hydrogen", "Carbon Dioxide", "Nitrogen"], "answer": "Carbon Dioxide" },
      { "question": "What is the powerhouse of the cell?", "options": ["Nucleus", "Mitochondria", "Ribosome", "Golgi apparatus"], "answer": "Mitochondria" },
      { "question": "What is the process by which plants make their food?", "options": ["Respiration", "Digestion", "Photosynthesis", "Fermentation"], "answer": "Photosynthesis" },
      { "question": "Which organ is responsible for pumping blood in the human body?", "options": ["Lungs", "Liver", "Heart", "Kidneys"], "answer": "Heart" },
      { "question": "What is the main gas found in the air we breathe?", "options": ["Oxygen", "Nitrogen", "Carbon Dioxide", "Helium"], "answer": "Nitrogen" },
      { "question": "What force keeps us on the ground?", "options": ["Magnetism", "Gravity", "Friction", "Tension"], "answer": "Gravity" },
      { "question": "Which planet is known for its rings?", "options": ["Mars", "Venus", "Jupiter", "Saturn"], "answer": "Saturn" },
      { "question": "What is the boiling point of water?", "options": ["90°C", "100°C", "110°C", "120°C"], "answer": "100°C" },
      { "question": "What is the center of an atom called?", "options": ["Proton", "Neutron", "Nucleus", "Electron"], "answer": "Nucleus" },
      { "question": "What is the hardest natural substance on Earth?", "options": ["Gold", "Iron", "Diamond", "Platinum"], "answer": "Diamond" },
      { "question": "Which organ is responsible for removing waste from the blood?", "options": ["Heart", "Liver", "Kidneys", "Lungs"], "answer": "Kidneys" },
      { "question": "What is the chemical symbol for gold?", "options": ["Au", "Ag", "Gd", "Pt"], "answer": "Au" },
      { "question": "What is the most abundant gas in the Earth's atmosphere?", "options": ["Oxygen", "Hydrogen", "Carbon Dioxide", "Nitrogen"], "answer": "Nitrogen" },
      { "question": "What type of energy is stored in a stretched rubber band?", "options": ["Kinetic", "Thermal", "Elastic potential", "Chemical"], "answer": "Elastic potential" },
      { "question": "What is the basic unit of life?", "options": ["Cell", "Atom", "Molecule", "Tissue"], "answer": "Cell" },
      { "question": "What planet is known as the Earth's twin?", "options": ["Mars", "Venus", "Jupiter", "Saturn"], "answer": "Venus" },
      { "question": "What is the largest planet in our solar system?", "options": ["Earth", "Mars", "Jupiter", "Saturn"], "answer": "Jupiter" },
      { "question": "What is the speed of light?", "options": ["300,000 km/s", "150,000 km/s", "500,000 km/s", "200,000 km/s"], "answer": "300,000 km/s" },
      { "question": "What is the process of cell division called?", "options": ["Meiosis", "Mitosis", "Cytokinesis", "Binary fission"], "answer": "Mitosis" },
      { "question": "What element is represented by the symbol 'O'?", "options": ["Oxygen", "Osmium", "Gold", "Silver"], "answer": "Oxygen" },
      { "question": "What is the chemical formula for table salt?", "options": ["NaCl", "KCl", "HCl", "NaHCO3"], "answer": "NaCl" },
      { "question": "What part of the cell is responsible for producing energy?", "options": ["Nucleus", "Ribosome", "Mitochondria", "Chloroplast"], "answer": "Mitochondria" },
      { "question": "What is the study of living organisms called?", "options": ["Biology", "Chemistry", "Physics", "Geology"], "answer": "Biology" },
      { "question": "What is the outer layer of the Earth called?", "options": ["Mantle", "Core", "Crust", "Lithosphere"], "answer": "Crust" },
      { "question": "What gas do animals exhale?", "options": ["Oxygen", "Hydrogen", "Carbon Dioxide", "Nitrogen"], "answer": "Carbon Dioxide" },
      { "question": "What is the smallest unit of an element?", "options": ["Cell", "Atom", "Molecule", "Electron"], "answer": "Atom" },
      { "question": "What is the powerhouse of the cell?", "options": ["Nucleus", "Mitochondria", "Ribosome", "Golgi apparatus"], "answer": "Mitochondria" },
      { "question": "What is the most common element in the universe?", "options": ["Oxygen", "Hydrogen", "Helium", "Carbon"], "answer": "Hydrogen" },
      { "question": "What is the symbol for the element potassium?", "options": ["P", "Pt", "K", "Ka"], "answer": "K" },
      { "question": "What is the hardest natural substance on Earth?", "options": ["Gold", "Iron", "Diamond", "Platinum"], "answer": "Diamond" },
      { "question": "What is the process by which plants convert sunlight into food?", "options": ["Respiration", "Photosynthesis", "Digestion", "Fermentation"], "answer": "Photosynthesis" },
      { "question": "What is the chemical symbol for sodium?", "options": ["Na", "So", "Sn", "S"], "answer": "Na" },
      { "question": "What organ in the human body is responsible for filtering blood?", "options": ["Heart", "Liver", "Kidneys", "Lungs"], "answer": "Kidneys" },
      { "question": "What is the boiling point of water in Fahrenheit?", "options": ["100°F", "180°F", "200°F", "212°F"], "answer": "212°F" },
      { "question": "What type of animal is a dolphin?", "options": ["Fish", "Mammal", "Reptile", "Bird"], "answer": "Mammal" },
      { "question": "What is the main gas found in the air we breathe?", "options": ["Oxygen", "Nitrogen", "Carbon Dioxide", "Helium"], "answer": "Nitrogen" },
      { "question": "What is the largest mammal in the world?", "options": ["Elephant", "Blue Whale", "Giraffe", "Great White Shark"], "answer": "Blue Whale" },
      { "question": "What is the process by which a liquid turns into a gas?", "options": ["Condensation", "Evaporation", "Sublimation", "Freezing"], "answer": "Evaporation" },
      { "question": "What planet is closest to the sun?", "options": ["Earth", "Mars", "Venus", "Mercury"], "answer": "Mercury" },
      { "question": "What is the most abundant element in the Earth's crust?", "options": ["Oxygen", "Silicon", "Iron", "Aluminum"], "answer": "Oxygen" },
      { "question": "What is the chemical formula for glucose?", "options": ["C6H12O6", "H2O", "CO2", "O2"], "answer": "C6H12O6" },
      { "question": "What type of energy is stored in food?", "options": ["Kinetic", "Thermal", "Chemical", "Mechanical"], "answer": "Chemical" },
      { "question": "What is the basic unit of a chemical element?", "options": ["Molecule", "Atom", "Compound", "Electron"], "answer": "Atom" },
      { "question": "What planet is known as the Blue Planet?", "options": ["Earth", "Neptune", "Uranus", "Mars"], "answer": "Earth" },
      { "question": "What gas do animals need to survive?", "options": ["Oxygen", "Hydrogen", "Carbon Dioxide", "Nitrogen"], "answer": "Oxygen" },
      { "question": "What is the name of the process by which plants lose water through their leaves?", "options": ["Respiration", "Photosynthesis", "Transpiration", "Digestion"], "answer": "Transpiration" },
      { "question": "What is the atomic number of carbon?", "options": ["4", "6", "8", "12"], "answer": "6" },
      { "question": "What is the largest organ in the human body?", "options": ["Heart", "Liver", "Skin", "Lungs"], "answer": "Skin" },
      { "question": "What is the process by which a solid turns directly into a gas?", "options": ["Condensation", "Evaporation", "Sublimation", "Freezing"], "answer": "Sublimation" },
      { "question": "What is the most common type of star in the Milky Way?", "options": ["Red Dwarf", "White Dwarf", "Neutron Star", "Blue Giant"], "answer": "Red Dwarf" },
      { "question": "What is the chemical symbol for iron?", "options": ["Ir", "In", "Fe", "F"], "answer": "Fe" },
      { "question": "What is the main function of red blood cells?", "options": ["Fight infection", "Carry oxygen", "Clot blood", "Remove waste"], "answer": "Carry oxygen" },
      { "question": "What is the largest planet in our solar system?", "options": ["Earth", "Mars", "Jupiter", "Saturn"], "answer": "Jupiter" },
      { "question": "What is the most common gas in the Earth's atmosphere?", "options": ["Oxygen", "Hydrogen", "Carbon Dioxide", "Nitrogen"], "answer": "Nitrogen" },
      { "question": "What is the powerhouse of the cell?", "options": ["Nucleus", "Mitochondria", "Ribosome", "Golgi apparatus"], "answer": "Mitochondria" },
      { "question": "What is the process by which cells divide?", "options": ["Meiosis", "Mitosis", "Cytokinesis", "Binary fission"], "answer": "Mitosis" },
      { "question": "What is the chemical formula for water?", "options": ["H2O", "O2", "CO2", "NaCl"], "answer": "H2O" },
      { "question": "What gas do plants absorb from the atmosphere?", "options": ["Oxygen", "Hydrogen", "Carbon Dioxide", "Nitrogen"], "answer": "Carbon Dioxide" },
      { "question": "What is the process by which a liquid turns into a gas?", "options": ["Condensation", "Evaporation", "Sublimation", "Freezing"], "answer": "Evaporation" },
      { "question": "What is the chemical symbol for gold?", "options": ["Au", "Ag", "Gd", "Pt"], "answer": "Au" },
      { "question": "What is the process by which plants convert sunlight into food?", "options": ["Respiration", "Photosynthesis", "Digestion", "Fermentation"], "answer": "Photosynthesis" },
      { "question": "What is the main gas found in the air we breathe?", "options": ["Oxygen", "Nitrogen", "Carbon Dioxide", "Helium"], "answer": "Nitrogen" },
      { "question": "What is the smallest unit of an element?", "options": ["Cell", "Atom", "Molecule", "Electron"], "answer": "Atom" },
      { "question": "What is the chemical formula for table salt?", "options": ["NaCl", "KCl", "HCl", "NaHCO3"], "answer": "NaCl" },
      { "question": "What type of energy is stored in food?", "options": ["Kinetic", "Thermal", "Chemical", "Mechanical"], "answer": "Chemical" },
      { "question": "What is the largest mammal in the world?", "options": ["Elephant", "Blue Whale", "Giraffe", "Great White Shark"], "answer": "Blue Whale" },
      { "question": "What planet is known as the Earth's twin?", "options": ["Mars", "Venus", "Jupiter", "Saturn"], "answer": "Venus" },
      { "question": "What is the main function of red blood cells?", "options": ["Fight infection", "Carry oxygen", "Clot blood", "Remove waste"], "answer": "Carry oxygen" },
      { "question": "What is the chemical symbol for sodium?", "options": ["Na", "So", "Sn", "S"], "answer": "Na" },
      { "question": "What planet is known as the Red Planet?", "options": ["Earth", "Mars", "Jupiter", "Saturn"], "answer": "Mars" },
      { "question": "What is the process by which plants make their food?", "options": ["Respiration", "Digestion", "Photosynthesis", "Fermentation"], "answer": "Photosynthesis" },
      { "question": "What is the main gas found in the air we breathe?", "options": ["Oxygen", "Nitrogen", "Carbon Dioxide", "Helium"], "answer": "Nitrogen" },
      { "question": "What is the largest organ in the human body?", "options": ["Heart", "Liver", "Skin", "Lungs"], "answer": "Skin" },
      { "question": "What is the process by which a solid turns directly into a gas?", "options": ["Condensation", "Evaporation", "Sublimation", "Freezing"], "answer": "Sublimation" },
      { "question": "What is the most common type of star in the Milky Way?", "options": ["Red Dwarf", "White Dwarf", "Neutron Star", "Blue Giant"], "answer": "Red Dwarf" },
      { "question": "What is the chemical symbol for iron?", "options": ["Ir", "In", "Fe", "F"], "answer": "Fe" },
      { "question": "What is the main function of red blood cells?", "options": ["Fight infection", "Carry oxygen", "Clot blood", "Remove waste"], "answer": "Carry oxygen" },
      { "question": "What is the largest planet in our solar system?", "options": ["Earth", "Mars", "Jupiter", "Saturn"], "answer": "Jupiter" },
      { "question": "What is the most common gas in the Earth's atmosphere?", "options": ["Oxygen", "Hydrogen", "Carbon Dioxide", "Nitrogen"], "answer": "Nitrogen" },
      { "question": "What is the powerhouse of the cell?", "options": ["Nucleus", "Mitochondria", "Ribosome", "Golgi apparatus"], "answer": "Mitochondria" },
      { "question": "What is the process by which cells divide?", "options": ["Meiosis", "Mitosis", "Cytokinesis", "Binary fission"], "answer": "Mitosis" },
      { "question": "What is the chemical formula for water?", "options": ["H2O", "O2", "CO2", "NaCl"], "answer": "H2O" },
      { "question": "What gas do plants absorb from the atmosphere?", "options": ["Oxygen", "Hydrogen", "Carbon Dioxide", "Nitrogen"], "answer": "Carbon Dioxide" },
      { "question": "What is the process by which a liquid turns into a gas?", "options": ["Condensation", "Evaporation", "Sublimation", "Freezing"], "answer": "Evaporation" },
      { "question": "What is the chemical symbol for gold?", "options": ["Au", "Ag", "Gd", "Pt"], "answer": "Au" },
      { "question": "What is the process by which plants convert sunlight into food?", "options": ["Respiration", "Photosynthesis", "Digestion", "Fermentation"], "answer": "Photosynthesis" },
      { "question": "What is the main gas found in the air we breathe?", "options": ["Oxygen", "Nitrogen", "Carbon Dioxide", "Helium"], "answer": "Nitrogen" },
      { "question": "What is the smallest unit of an element?", "options": ["Cell", "Atom", "Molecule", "Electron"], "answer": "Atom" },
      { "question": "What is the chemical formula for table salt?", "options": ["NaCl", "KCl", "HCl", "NaHCO3"], "answer": "NaCl" },
      { "question": "What type of energy is stored in food?", "options": ["Kinetic", "Thermal", "Chemical", "Mechanical"], "answer": "Chemical" },
      { "question": "What is the largest mammal in the world?", "options": ["Elephant", "Blue Whale", "Giraffe", "Great White Shark"], "answer": "Blue Whale" },
      { "question": "What planet is known as the Earth's twin?", "options": ["Mars", "Venus", "Jupiter", "Saturn"], "answer": "Venus" },
      { "question": "What is the main function of red blood cells?", "options": ["Fight infection", "Carry oxygen", "Clot blood", "Remove waste"], "answer": "Carry oxygen" },
      { "question": "What is the chemical symbol for sodium?", "options": ["Na", "So", "Sn", "S"], "answer": "Na" },
      { "question": "What planet is known as the Red Planet?", "options": ["Earth", "Mars", "Jupiter", "Saturn"], "answer": "Mars" },
      { "question": "What is the process by which plants make their food?", "options": ["Respiration", "Digestion", "Photosynthesis", "Fermentation"], "answer": "Photosynthesis" },
      { "question": "What is the main gas found in the air we breathe?", "options": ["Oxygen", "Nitrogen", "Carbon Dioxide", "Helium"], "answer": "Nitrogen" },
      { "question": "What is the largest organ in the human body?", "options": ["Heart", "Liver", "Skin", "Lungs"], "answer": "Skin" },
      { "question": "What is the process by which a solid turns directly into a gas?", "options": ["Condensation", "Evaporation", "Sublimation", "Freezing"], "answer": "Sublimation" },
      { "question": "What is the most common type of star in the Milky Way?", "options": ["Red Dwarf", "White Dwarf", "Neutron Star", "Blue Giant"], "answer": "Red Dwarf" },
      { "question": "What is the chemical symbol for iron?", "options": ["Ir", "In", "Fe", "F"], "answer": "Fe" },
      { "question": "What is the main function of red blood cells?", "options": ["Fight infection", "Carry oxygen", "Clot blood", "Remove waste"], "answer": "Carry oxygen" },
      { "question": "What is the largest planet in our solar system?", "options": ["Earth", "Mars", "Jupiter", "Saturn"], "answer": "Jupiter" },
      { "question": "What is the most common gas in the Earth's atmosphere?", "options": ["Oxygen", "Hydrogen", "Carbon Dioxide", "Nitrogen"], "answer": "Nitrogen" },
      { "question": "What is the powerhouse of the cell?", "options": ["Nucleus", "Mitochondria", "Ribosome", "Golgi apparatus"], "answer": "Mitochondria" },
      { "question": "What is the process by which cells divide?", "options": ["Meiosis", "Mitosis", "Cytokinesis", "Binary fission"], "answer": "Mitosis" }
    ]
  }
  